id;first_name;last_name;email;gender;phone;address_line_1;city;country;identification_type;license_id;birth_date
1;Julio César;Manzanares Enríquez;Jorge.MaestasMeraz@hotmail.com;FEMALE;"+3833505226";midst frankly depute;Algeciras;Finlandia;considering;outrank wafer necklace;2025-12-22
2;Luis Miguel;Medrano Alicea;Catalina.OrnelasVaca@hotmail.com;OTHER;"+724894309481637";widow;Aýna;Ucrania;failing far;tricky;2025-12-22
3;Iván;Grijalva Cedillo;AnaMaria.AguayoLugo41@hotmail.com;MALE;"066847047442821";dash;Torrejón de Ardoz;Zambia;atrium;fibre redraw;2025-12-22
4;Homero;Peña Concepción;MiguelAngel69@yahoo.com;OTHER;"+2956212";behind gee brr;Gerona;Chad;consistency;preregister dispose;2025-12-23
5;Ignacio;Páez Véliz;Matilde28@hotmail.com;OTHER;"69810288";colorfully pfft;Torrelavega;Namibia;cripple eyebrow midwife;oh;2025-12-23
6;Ana María;Laboy Lucio;Lorenzo74@hotmail.com;FEMALE;"+21010012288";apud a;Manresa;Canada;aw;amid;2025-12-22
7;Olivia;Vergara Segovia;Alejandro.SaldivarZapata54@gmail.com;FEMALE;"+272358577";humiliating concerning zowie;Sagunto;Burkina Faso;foolish stormy evil;throughout metallic;2025-12-22
8;Berta;Malave Carbajal;JulioCesar_SalazarGallegos@hotmail.com;FEMALE;"+8652769";nice;Granollers;Siria;debit ew publication;sparse worst screw;2025-12-22
9;Cristóbal;Montaño Toro;Silvia37@yahoo.com;OTHER;"+959408758317";greedily;Cornellá de Llobregat;Camboya;furiously;upward yahoo sometimes;2025-12-22
10;Iván;Guevara Piña;Felipe.RaelCintron70@gmail.com;MALE;"23328979964995";supposing;Vigo;Líbano;but;attraction boo;2025-12-22
